SID,ISO_TIME,VMAX,RMAX,LAT,PC,ERROR
2001347N04162,2001-12-22 18:00:00,150.0,20.0,13.9,885.0,float division by zero
2001347N04162,2001-12-22 21:00:00,153.0,20.0,14.3,882.0,float division by zero
2001347N04162,2001-12-23 00:00:00,155.0,20.0,14.8,879.0,float division by zero
2001347N04162,2001-12-23 03:00:00,153.0,18.0,15.2,882.0,float division by zero
2001347N04162,2001-12-23 06:00:00,150.0,15.0,15.6,885.0,float division by zero
2003247N10153,2003-09-10 00:00:00,150.0,20.0,23.7,885.0,float division by zero
2003247N10153,2003-09-10 03:00:00,150.0,18.0,23.8,885.0,float division by zero
2003247N10153,2003-09-10 06:00:00,150.0,15.0,24.0,885.0,float division by zero
2003247N10153,2003-09-10 09:00:00,150.0,15.0,24.2,885.0,float division by zero
2003247N10153,2003-09-10 12:00:00,150.0,15.0,24.3,885.0,float division by zero
2004164N06139,2004-06-16 12:00:00,155.0,5.0,15.7,879.0,float division by zero
2009272N07164,2009-10-04 06:00:00,150.0,15.0,17.0,911.0,float division by zero
2009272N07164,2009-10-04 09:00:00,150.0,15.0,17.2,911.0,float division by zero
2009272N07164,2009-10-04 12:00:00,150.0,15.0,17.5,911.0,float division by zero
2009272N07164,2009-10-04 15:00:00,150.0,15.0,17.7,911.0,float division by zero
2009272N07164,2009-10-04 18:00:00,150.0,15.0,17.9,911.0,float division by zero
2009325N06148,2009-11-25 12:00:00,155.0,15.0,12.6,907.0,float division by zero
2009325N06148,2009-11-25 15:00:00,155.0,15.0,13.1,907.0,float division by zero
2009325N06148,2009-11-25 18:00:00,155.0,15.0,13.6,907.0,float division by zero
2009325N06148,2009-11-25 21:00:00,153.0,15.0,14.1,909.0,float division by zero
2009325N06148,2009-11-26 00:00:00,150.0,15.0,14.6,911.0,float division by zero
2009325N06148,2009-11-27 18:00:00,150.0,20.0,18.7,911.0,float division by zero
2010285N13145,2010-10-17 09:00:00,153.0,10.0,18.3,909.0,float division by zero
2010285N13145,2010-10-17 12:00:00,160.0,10.0,18.1,903.0,float division by zero
2010285N13145,2010-10-17 15:00:00,158.0,10.0,17.8,905.0,float division by zero
2010285N13145,2010-10-17 18:00:00,155.0,10.0,17.6,907.0,float division by zero
2010285N13145,2010-10-17 21:00:00,153.0,10.0,17.5,909.0,float division by zero
2010285N13145,2010-10-18 00:00:00,150.0,10.0,17.4,911.0,float division by zero
2012254N09135,2012-09-13 18:00:00,155.0,20.0,17.2,907.0,float division by zero
2012254N09135,2012-09-13 21:00:00,155.0,20.0,17.6,907.0,float division by zero
2012254N09135,2012-09-14 00:00:00,155.0,20.0,18.1,907.0,float division by zero
2012254N09135,2012-09-14 03:00:00,153.0,20.0,18.6,909.0,float division by zero
2012254N09135,2012-09-14 06:00:00,150.0,20.0,19.1,911.0,float division by zero
2012331N03157,2012-12-03 18:00:00,150.0,5.0,7.6,911.0,float division by zero
2013306N07162,2013-11-06 12:00:00,150.0,7.0,7.9,911.0,float division by zero
2013306N07162,2013-11-06 15:00:00,153.0,10.0,8.0,909.0,float division by zero
2013306N07162,2013-11-06 18:00:00,155.0,12.0,8.2,907.0,float division by zero
2013306N07162,2013-11-06 21:00:00,155.0,14.0,8.4,907.0,float division by zero
2013306N07162,2013-11-07 00:00:00,155.0,15.0,8.7,907.0,float division by zero
2013306N07162,2013-11-07 03:00:00,158.0,16.0,9.0,905.0,float division by zero
2013306N07162,2013-11-07 06:00:00,160.0,17.0,9.3,903.0,float division by zero
2013306N07162,2013-11-07 09:00:00,165.0,17.0,9.8,899.0,float division by zero
2013306N07162,2013-11-07 12:00:00,170.0,17.0,10.2,895.0,float division by zero
2013306N07162,2013-11-07 15:00:00,170.0,17.0,10.4,895.0,float division by zero
2013306N07162,2013-11-07 18:00:00,170.0,17.0,10.6,895.0,float division by zero
2013306N07162,2013-11-07 21:00:00,168.0,16.0,10.8,897.0,float division by zero
2013306N07162,2013-11-08 00:00:00,165.0,15.0,11.0,899.0,float division by zero
2013306N07162,2013-11-08 03:00:00,155.0,13.0,11.2,907.0,float division by zero
2014275N06166,2014-10-07 18:00:00,155.0,15.0,17.7,907.0,float division by zero
2014275N06166,2014-10-07 21:00:00,155.0,15.0,17.8,907.0,float division by zero
2014275N06166,2014-10-08 00:00:00,155.0,15.0,17.9,907.0,float division by zero
2014275N06166,2014-10-08 03:00:00,150.0,16.0,18.0,911.0,float division by zero
2014303N13141,2014-11-02 18:00:00,155.0,12.0,17.8,907.0,float division by zero
2014303N13141,2014-11-02 21:00:00,155.0,12.0,18.1,907.0,float division by zero
2014303N13141,2014-11-03 00:00:00,155.0,12.0,18.4,907.0,float division by zero
2014303N13141,2014-11-03 03:00:00,155.0,12.0,18.7,907.0,float division by zero
2014303N13141,2014-11-03 06:00:00,155.0,12.0,19.0,907.0,float division by zero
2014303N13141,2014-11-03 09:00:00,153.0,12.0,19.4,909.0,float division by zero
2014303N13141,2014-11-03 12:00:00,150.0,12.0,19.8,911.0,float division by zero
2014334N02156,2014-12-04 00:00:00,155.0,15.0,9.8,907.0,float division by zero
2014334N02156,2014-12-04 03:00:00,155.0,14.0,10.1,907.0,float division by zero
2014334N02156,2014-12-04 06:00:00,155.0,12.0,10.4,907.0,float division by zero
2014334N02156,2014-12-04 09:00:00,153.0,11.0,10.7,909.0,float division by zero
2014334N02156,2014-12-04 12:00:00,150.0,10.0,11.0,911.0,float division by zero
2015085N06162,2015-03-31 12:00:00,150.0,12.0,10.2,911.0,float division by zero
2015211N13162,2015-08-03 18:00:00,155.0,12.0,17.8,907.0,float division by zero
2015211N13162,2015-08-03 21:00:00,153.0,12.0,18.1,909.0,float division by zero
2015211N13162,2015-08-04 00:00:00,150.0,12.0,18.3,911.0,float division by zero
2016185N08145,2016-07-06 03:00:00,150.0,11.0,19.1,911.0,float division by zero
2016185N08145,2016-07-06 06:00:00,155.0,10.0,19.5,907.0,float division by zero
2016185N08145,2016-07-06 09:00:00,155.0,10.0,19.8,907.0,float division by zero
2016185N08145,2016-07-06 12:00:00,155.0,10.0,20.1,907.0,float division by zero
2016185N08145,2016-07-06 15:00:00,153.0,9.0,20.4,909.0,float division by zero
2016185N08145,2016-07-06 18:00:00,150.0,7.0,20.7,911.0,float division by zero
2016253N13144,2016-09-12 12:00:00,155.0,7.0,18.9,907.0,float division by zero
2016253N13144,2016-09-12 15:00:00,155.0,7.0,19.1,906.0,float division by zero
2016253N13144,2016-09-12 18:00:00,155.0,7.0,19.3,904.0,float division by zero
2016253N13144,2016-09-12 21:00:00,158.0,7.0,19.4,904.0,float division by zero
2016253N13144,2016-09-13 00:00:00,160.0,7.0,19.6,903.0,float division by zero
2016253N13144,2016-09-13 03:00:00,163.0,10.0,19.9,901.0,float division by zero
2016253N13144,2016-09-13 06:00:00,165.0,12.0,20.2,899.0,float division by zero
2016253N13144,2016-09-13 09:00:00,168.0,12.0,20.3,897.0,float division by zero
2016253N13144,2016-09-13 12:00:00,170.0,12.0,20.4,895.0,float division by zero
2016253N13144,2016-09-13 15:00:00,168.0,12.0,20.6,897.0,float division by zero
2016253N13144,2016-09-13 18:00:00,165.0,12.0,20.8,899.0,float division by zero
2016253N13144,2016-09-13 21:00:00,160.0,12.0,21.1,900.0,float division by zero
2016253N13144,2016-09-14 00:00:00,155.0,12.0,21.5,900.0,float division by zero
2016269N15165,2016-10-03 06:00:00,150.0,10.0,24.9,911.0,float division by zero
2018239N11161,2018-08-31 00:00:00,150.0,12.0,17.9,911.0,float division by zero
2018239N11161,2018-08-31 03:00:00,153.0,12.0,18.1,909.0,float division by zero
2018239N11161,2018-08-31 06:00:00,155.0,12.0,18.3,907.0,float division by zero
2018239N11161,2018-08-31 09:00:00,153.0,12.0,18.4,909.0,float division by zero
2018239N11161,2018-08-31 12:00:00,150.0,12.0,18.5,911.0,float division by zero
2018250N12170,2018-09-12 03:00:00,150.0,19.0,13.9,903.0,float division by zero
2018250N12170,2018-09-12 06:00:00,155.0,20.0,14.0,896.0,float division by zero
2018250N12170,2018-09-12 09:00:00,155.0,23.0,14.1,896.0,float division by zero
2018250N12170,2018-09-12 12:00:00,155.0,25.0,14.3,896.0,float division by zero
2018250N12170,2018-09-12 15:00:00,155.0,21.0,14.3,896.0,float division by zero
2018250N12170,2018-09-12 18:00:00,155.0,17.0,14.4,896.0,float division by zero
2018250N12170,2018-09-12 21:00:00,153.0,17.0,14.4,899.0,float division by zero
2018250N12170,2018-09-13 00:00:00,150.0,17.0,14.5,902.0,float division by zero
2018250N12170,2018-09-13 15:00:00,150.0,20.0,15.0,902.0,float division by zero
2018250N12170,2018-09-13 18:00:00,155.0,22.0,15.2,897.0,float division by zero
2018250N12170,2018-09-13 21:00:00,153.0,22.0,15.5,899.0,float division by zero
2018250N12170,2018-09-14 00:00:00,150.0,22.0,15.9,900.0,float division by zero
2018271N06154,2018-10-01 18:00:00,150.0,12.0,17.3,906.0,float division by zero
2018294N08161,2018-10-24 12:00:00,150.0,15.0,14.7,905.0,float division by zero
2018294N08161,2018-10-24 15:00:00,150.0,15.0,15.0,905.0,float division by zero
2018294N08161,2018-10-24 18:00:00,150.0,15.0,15.3,904.0,float division by zero
2018294N08161,2018-10-24 21:00:00,150.0,15.0,15.6,905.0,float division by zero
2018294N08161,2018-10-25 00:00:00,150.0,15.0,15.8,906.0,float division by zero
2018294N08161,2018-10-26 18:00:00,150.0,20.0,17.6,906.0,float division by zero
2018294N08161,2018-10-26 21:00:00,150.0,19.0,17.7,906.0,float division by zero
2018294N08161,2018-10-27 00:00:00,150.0,17.0,17.7,905.0,float division by zero
2019278N16165,2019-10-07 09:00:00,155.0,5.0,15.8,904.0,float division by zero
2019278N16165,2019-10-07 10:00:00,160.0,5.0,15.9,898.0,float division by zero
2019278N16165,2019-10-07 12:00:00,160.0,5.0,16.1,890.0,float division by zero
2019278N16165,2019-10-07 15:00:00,153.0,6.0,16.3,900.0,float division by zero
2019278N16165,2019-10-09 03:00:00,149.0,15.0,20.2,898.0,float division by zero
2019278N16165,2019-10-09 04:00:00,150.0,15.0,20.3,896.0,float division by zero
2019306N10162,2019-11-05 12:00:00,155.0,5.0,19.9,899.0,float division by zero
2019306N10162,2019-11-05 15:00:00,165.0,5.0,20.1,888.0,float division by zero
2019306N10162,2019-11-05 18:00:00,160.0,5.0,20.3,892.0,float division by zero
2019306N10162,2019-11-05 21:00:00,158.0,5.0,20.5,896.0,float division by zero
2019306N10162,2019-11-06 00:00:00,155.0,5.0,20.8,899.0,float division by zero
2020299N11144,2020-10-30 12:00:00,150.0,5.0,16.1,913.0,float division by zero
2020299N11144,2020-10-30 15:00:00,153.0,5.0,16.0,909.0,float division by zero
2020299N11144,2020-10-30 18:00:00,155.0,5.0,15.9,904.0,float division by zero
2020299N11144,2020-10-30 21:00:00,158.0,5.0,15.6,900.0,float division by zero
2020299N11144,2020-10-31 00:00:00,160.0,5.0,15.3,895.0,float division by zero
2020299N11144,2020-10-31 03:00:00,160.0,6.0,15.0,896.0,float division by zero
2020299N11144,2020-10-31 06:00:00,160.0,7.0,14.7,897.0,float division by zero
2020299N11144,2020-10-31 09:00:00,163.0,6.0,14.4,895.0,float division by zero
2020299N11144,2020-10-31 12:00:00,165.0,5.0,14.2,892.0,float division by zero
2020299N11144,2020-10-31 15:00:00,168.0,5.0,13.9,888.0,float division by zero
2020299N11144,2020-10-31 18:00:00,170.0,5.0,13.7,884.0,float division by zero
2020299N11144,2020-10-31 21:00:00,150.0,5.0,13.6,908.0,float division by zero
2021102N06144,2021-04-17 06:00:00,160.0,5.0,11.4,895.0,float division by zero
2021102N06144,2021-04-17 09:00:00,165.0,5.0,11.7,889.0,float division by zero
2021102N06144,2021-04-17 12:00:00,170.0,5.0,12.0,882.0,float division by zero
2021102N06144,2021-04-17 15:00:00,168.0,5.0,12.3,885.0,float division by zero
2021102N06144,2021-04-17 18:00:00,165.0,5.0,12.6,888.0,float division by zero
2021102N06144,2021-04-17 21:00:00,160.0,5.0,12.9,895.0,float division by zero
2021102N06144,2021-04-18 00:00:00,155.0,5.0,13.1,902.0,float division by zero
2021248N12141,2021-09-10 12:00:00,150.0,5.0,18.7,911.0,float division by zero
2021248N12141,2021-09-10 15:00:00,153.0,9.0,19.1,907.0,float division by zero
2021248N12141,2021-09-10 18:00:00,155.0,12.0,19.5,902.0,float division by zero
2021248N12141,2021-09-10 21:00:00,150.0,12.0,19.9,909.0,float division by zero
2021346N05145,2021-12-16 00:00:00,150.0,7.0,9.7,908.0,float division by zero
2023138N05151,2023-05-25 09:00:00,150.0,16.0,14.6,908.0,float division by zero
2023138N05151,2023-05-25 12:00:00,155.0,15.0,14.7,902.0,float division by zero
2023138N05151,2023-05-25 15:00:00,155.0,13.0,14.8,903.0,float division by zero
2023138N05151,2023-05-25 18:00:00,155.0,10.0,14.9,903.0,float division by zero
2023138N05151,2023-05-25 21:00:00,160.0,13.0,15.0,897.0,float division by zero
2023138N05151,2023-05-26 00:00:00,165.0,15.0,15.1,891.0,float division by zero
2023138N05151,2023-05-26 03:00:00,163.0,16.0,15.2,894.0,float division by zero
2023138N05151,2023-05-26 06:00:00,160.0,17.0,15.3,897.0,float division by zero
2023138N05151,2023-05-26 09:00:00,153.0,17.0,15.5,906.0,float division by zero
2023279N08157,2023-10-11 09:00:00,150.0,11.0,18.6,910.0,float division by zero
2023279N08157,2023-10-11 12:00:00,155.0,12.0,18.9,904.0,float division by zero
2023279N08157,2023-10-11 15:00:00,160.0,9.0,19.3,901.0,float division by zero
2023279N08157,2023-10-11 18:00:00,165.0,5.0,19.7,897.0,float division by zero
2023279N08157,2023-10-11 21:00:00,160.0,5.0,20.1,899.0,float division by zero
2023279N08157,2023-10-12 00:00:00,155.0,5.0,20.6,900.0,float division by zero
2023279N08157,2023-10-12 03:00:00,155.0,5.0,21.2,902.0,float division by zero
2023279N08157,2023-10-12 06:00:00,155.0,5.0,21.8,904.0,float division by zero
2023279N08157,2023-10-12 09:00:00,150.0,9.0,22.2,907.0,float division by zero
