Model,Radius,N,Bias,MAE,r,RMSE,CI_lo,CI_hi
Rankine,R34,18766,0.11502184802302036,43.341575189171905,0.5349876541068889,64.96490010790484,60.51819335619422,69.76455330575844
Rankine,R50,10809,-3.668486138094798,22.359638572794275,0.5125988458769121,32.34902119690003,29.81762872337839,34.95512848773092
Rankine,R64,7537,2.011255583565521,14.484587147848394,0.47902354917522255,20.643758855390338,18.81586069401736,22.418789125646196
Holland1980,R34,18609,4.7484684829921004,38.12274974474717,0.4081024109134165,49.69209080503074,46.62560301624772,53.19331684017557
Holland1980,R50,10682,6.1712928290582285,22.877668039692942,0.47146433565445434,28.93446121862273,27.414185197534625,30.730932072235817
Holland1980,R64,7426,9.744793069395818,16.496072358380466,0.4658441571827723,21.205059028065847,19.77711827571948,22.59151113745747
Holland2010,R34,18761,91.31641437023613,98.0498507542242,0.5838474196079585,128.04896535303823,121.41572230034177,134.7314504944235
Holland2010,R50,10809,37.33974774107997,43.92037499614519,0.5451334270969865,58.949000896321216,54.99836550147445,62.80639521200092
Holland2010,R64,7537,28.377449029233556,31.78211932245367,0.4972529032096026,41.871604360838894,38.56392159057841,45.07684140300515
Willoughby2006,R34,18766,-2.8094692529041883,28.18107215176383,0.6360762237965195,37.694655629671686,35.099006101900514,40.17771762026442
Willoughby2006,R50,10809,6.030375921300151,18.995220032688806,0.6016493743388969,24.519203495129425,22.96257615751988,26.246206442757476
Willoughby2006,R64,7537,9.144067047012518,14.27336252266596,0.5339042833340844,17.62720886794516,16.706594352774253,18.530966706147744
Emanuel2004,R34,18766,92.47268997122455,101.45595758286262,0.5805926788740009,141.09468126610483,134.21899277151238,148.58886748652884
Emanuel2004,R50,10809,47.19616369075153,54.18788355382859,0.5115075912305085,77.47490898536826,71.47715455403906,83.2871488827376
Emanuel2004,R64,7537,36.9637565786564,40.19103533678298,0.4762758661103994,54.930335435577994,50.17137135712461,59.31941968810134
Chavas2015,R34,18599,-5.338647239098877,36.96964890585515,0.5118041782449694,53.35069668894257,49.05622203869499,57.85116268740845
Chavas2015,R50,10647,-2.6230080460849687,20.619266773112926,0.49760488781115797,28.445446648475315,26.254588029859185,30.690818571109297
Chavas2015,R64,7380,4.587985546522132,14.252145438121048,0.45356879369852654,19.0188992301956,17.569793516043717,20.430976396939652
