SID,NAME,SEASON,N_SNAPS,VMAX,MIN_PRES,MEAN_RMW,MEAN_R34,MEAN_LAT,MAX_CAT,LAT_BAND_MODE,SIZE_CLASS
2001125N05129,CIMARON,2001,1,50.0,997.0,60.0,30.0,27.3,TS,25-35N,compact
2001202N23152,KONG-REY,2001,51,85.0,958.0,28.137254901960784,88.81372549019608,28.119607843137253,C1-2,25-35N,average
2001204N19127,YUTU,2001,15,85.0,958.0,32.53333333333333,80.45,20.773333333333333,C1-2,15-25N,average
2001206N14134,TORAJI,2001,31,100.0,944.0,39.0,148.09677419354838,21.190322580645162,C3-5,15-25N,large
2001212N10158,MAN-YI,2001,49,120.0,922.0,36.16326530612245,103.58163265306122,23.39591836734694,C3-5,25-35N,average
2001220N17118,USAGI,2001,1,40.0,994.0,50.0,58.75,18.1,TS,15-25N,compact
2001225N18146,PABUK,2001,62,90.0,954.0,50.0,196.5040322580645,25.706451612903226,C1-2,15-25N,large
2001238N16139,WUTIP,2001,47,130.0,910.0,23.53191489361702,99.30319148936171,26.34255319148936,C3-5,25-35N,average
2001238N18162,SEPAT,2001,5,45.0,991.0,40.0,80.5,25.32,TS,25-35N,average
2001239N19116,FITOW,2001,3,45.0,991.0,30.0,52.666666666666664,21.366666666666664,TS,15-25N,compact
2001246N19156,DANAS,2001,43,105.0,938.0,23.069767441860463,152.5406976744186,27.786046511627905,C3-5,25-35N,large
2001248N23125,NARI,2001,89,100.0,944.0,21.303370786516854,73.53651685393258,26.152808988764043,C3-5,25-35N,average
2001259N20138,VIPA,2001,17,70.0,972.0,20.823529411764707,75.73529411764706,31.605882352941173,C1-2,25-35N,average
2001260N14167,FRANCISCO,2001,42,100.0,944.0,28.142857142857142,108.71428571428571,22.714285714285715,C3-5,15-25N,large
2001264N21126,LEKIMA,2001,33,95.0,949.0,22.939393939393938,95.16666666666667,21.042424242424243,C1-2,15-25N,average
2001276N13146,KROSA,2001,41,105.0,938.0,20.634146341463413,131.40243902439025,24.087804878048782,C3-5,15-25N,large
2001284N16132,HAIYAN,2001,37,90.0,954.0,29.27027027027027,141.41216216216216,22.94864864864865,C1-2,15-25N,large
2001291N05158,PODUL,2001,61,140.0,898.0,28.81967213114754,130.26639344262296,17.365573770491803,C3-5,15-25N,large
2001309N10130,LINGLING,2001,34,115.0,927.0,28.147058823529413,119.18382352941177,12.88529411764706,C3-5,00-15N,large
2001321N07148,UNNAMED,2001,5,35.0,,50.0,56.55,13.24,TS,00-15N,compact
2001323N05107,UNNAMED,2001,1,35.0,997.0,45.0,45.0,7.6,TS,00-15N,compact
2001347N04162,FAXAI,2001,66,155.0,879.0,19.666666666666668,103.85606060606061,11.754545454545454,C3-5,00-15N,average
2001361N01106,VAMEI,2001,6,65.0,976.0,27.5,67.29166666666667,1.5833333333333333,C1-2,00-15N,compact
2002008N07141,TAPAH,2002,14,50.0,987.0,33.07142857142857,55.214285714285715,14.535714285714286,TS,00-15N,compact
2002057N06156,MITAG,2002,61,140.0,898.0,25.65573770491803,122.20081967213115,11.89344262295082,C3-5,00-15N,large
2002133N03150,HAGIBIS,2002,36,140.0,898.0,25.36111111111111,86.50694444444444,19.541666666666668,C3-5,15-25N,average
2002155N20112,NOGURI,2002,25,85.0,958.0,23.48,69.35,23.715999999999998,C1-2,15-25N,compact
2002178N04155,CHATAAN,2002,92,130.0,910.0,23.565217391304348,110.22010869565217,15.1,C3-5,00-15N,large
2002178N10139,RAMMASUN,2002,50,110.0,933.0,24.04,125.12,21.778000000000002,C3-5,15-25N,large
2002187N11160,HALONG,2002,59,135.0,904.0,18.06779661016949,121.95762711864407,17.220338983050848,C3-5,00-15N,large
2002189N21116,NAKRI,2002,26,40.0,994.0,46.07692307692308,64.39423076923077,25.642307692307693,TS,25-35N,compact
2002195N11172,FENGSHEN,2002,94,145.0,892.0,23.0,122.31117021276596,20.843617021276597,C3-5,15-25N,large
2002198N09182,KALMAEGI,2002,1,30.0,1000.0,40.0,115.0,16.7,TD,15-25N,large
2002200N21150,FUNG-WONG,2002,43,65.0,976.0,26.11627906976744,60.13953488372093,23.127906976744185,C1-2,15-25N,compact
2002214N19120,KAMMURI,2002,11,50.0,987.0,30.0,87.9090909090909,21.490909090909092,TS,15-25N,average
2002222N09163,PHANFONE,2002,69,135.0,904.0,26.797101449275363,153.46376811594203,23.395652173913042,C3-5,25-35N,large
2002227N14115,VONGFONG,2002,7,55.0,984.0,22.571428571428573,60.0,19.3,TS,15-25N,compact
2002234N14164,RUSA,2002,66,115.0,927.0,24.636363636363637,130.8068181818182,24.242424242424242,C3-5,15-25N,large
2002237N10202,ELE,2002,91,115.0,927.0,62.89010989010989,126.86263736263736,22.125274725274725,C3-5,25-35N,large
2002240N16155,SINLAKU,2002,78,110.0,933.0,38.205128205128204,132.70833333333334,24.616666666666667,C3-5,15-25N,large
2002252N20121,HAGUPIT,2002,6,45.0,991.0,24.666666666666668,110.0,21.033333333333335,TS,15-25N,large
2002264N13114,MEKKHALA,2002,15,55.0,984.0,22.0,55.95,18.566666666666666,TS,15-25N,compact
2002268N15163,HIGOS,2002,36,135.0,904.0,22.055555555555557,114.27777777777777,21.691666666666666,C3-5,15-25N,large
2002282N10156,BAVI,2002,27,70.0,972.0,63.0,190.0648148148148,24.203703703703702,C1-2,15-25N,large
2002297N09206,HUKO,2002,97,75.0,967.0,19.65979381443299,101.7860824742268,15.830927835051545,C1-2,00-15N,average
2002298N17169,MAYSAK,2002,13,75.0,967.0,25.615384615384617,83.4423076923077,26.6,C1-2,25-35N,average
2002323N09155,HAISHEN,2002,27,95.0,949.0,27.77777777777778,123.01851851851852,19.062962962962963,C1-2,15-25N,large
2002335N05166,PONGSONA,2002,23,70.0,972.0,29.304347826086957,82.58695652173913,8.482608695652173,C1-2,00-15N,average
2003011N02180,YANYAN,2003,24,50.0,987.0,40.625,76.90625,14.633333333333333,TS,00-15N,average
2003098N03159,KUJIRA,2003,111,135.0,904.0,26.684684684684683,114.38063063063063,13.554954954954955,C3-5,00-15N,large
2003138N04148,CHAN-HOM,2003,45,115.0,927.0,20.755555555555556,103.56111111111112,16.566666666666666,C3-5,00-15N,average
2003144N16119,LINFA,2003,21,55.0,984.0,23.428571428571427,80.80952380952381,22.442857142857143,TS,15-25N,average
2003150N17119,NANGKA,2003,11,45.0,991.0,32.54545454545455,56.38636363636363,19.61818181818182,TS,15-25N,compact
2003158N08156,SOUDELOR,2003,51,115.0,927.0,25.352941176470587,114.49019607843137,19.419607843137253,C3-5,15-25N,large
2003196N05150,IMBUDO,2003,54,130.0,910.0,17.685185185185187,137.78703703703704,13.794444444444444,C3-5,00-15N,large
2003196N11137,KONI,2003,48,65.0,976.0,28.833333333333332,98.75,15.245833333333332,C1-2,15-25N,average
2003212N09150,ETAU,2003,42,110.0,933.0,31.80952380952381,143.3452380952381,23.57857142857143,C3-5,15-25N,large
2003212N12130,MORAKOT,2003,12,60.0,980.0,35.0,97.08333333333333,21.40833333333333,TS,15-25N,average
2003226N07156,KROVANH,2003,38,90.0,954.0,25.0,102.26973684210526,18.66842105263158,C1-2,15-25N,average
2003240N14230,JIMENA,2003,46,90.0,970.0,21.08695652173913,64.91304347826087,16.64782608695652,C1-2,15-25N,compact
2003240N20139,DUJUAN,2003,35,125.0,916.0,18.4,159.72857142857143,19.674285714285716,C3-5,15-25N,large
2003247N10153,MAEMI,2003,49,150.0,885.0,20.346938775510203,122.12755102040816,22.96326530612245,C3-5,15-25N,large
2003259N13133,CHOI-WAN,2003,30,100.0,944.0,26.566666666666666,120.025,28.68,C3-5,25-35N,large
2003267N15140,KOPPU,2003,23,90.0,954.0,28.82608695652174,150.2826086956522,25.839130434782607,C1-2,25-35N,large
2003290N15132,KETSANA,2003,57,125.0,916.0,21.42105263157895,140.52631578947367,19.489473684210527,C3-5,15-25N,large
2003291N17147,PARMA,2003,74,130.0,910.0,22.2972972972973,138.79054054054055,25.222972972972972,C3-5,15-25N,large
2003302N11133,MELOR,2003,33,75.0,967.0,26.727272727272727,73.68939393939394,19.74848484848485,C1-2,15-25N,average
2003316N11141,NEPARTAK,2003,52,75.0,967.0,23.26923076923077,100.59615384615384,14.919230769230769,C1-2,00-15N,average
2003319N13172,LUPIT,2003,82,145.0,892.0,17.597560975609756,155.9878048780488,14.085365853658537,C3-5,00-15N,large
2004042N08148,UNNAMED,2004,5,40.0,994.0,27.0,37.5,14.540000000000001,TS,00-15N,compact
2004074N03143,UNNAMED,2004,7,35.0,997.0,40.0,57.42857142857143,15.314285714285715,TS,15-25N,compact
2004093N07154,SUDAL,2004,79,130.0,910.0,16.772151898734176,146.79113924050634,13.613924050632912,C3-5,00-15N,large
2004134N07132,NIDA,2004,56,140.0,898.0,13.732142857142858,129.30803571428572,16.076785714285712,C3-5,00-15N,large
2004135N09114,UNNAMED,2004,1,35.0,997.0,40.0,45.0,9.7,TS,00-15N,compact
2004136N05148,OMAIS,2004,32,60.0,980.0,22.375,55.0390625,10.690625,TS,00-15N,compact
2004156N16117,CONSON,2004,1,80.0,963.0,15.0,62.5,28.5,C1-2,25-35N,compact
2004164N06139,DIANMU,2004,3,155.0,879.0,10.0,146.66666666666666,16.566666666666666,C3-5,15-25N,large
2004174N14146,MINDULLE,2004,1,125.0,916.0,15.0,162.5,18.9,C3-5,15-25N,large
2004177N12154,TINGTING,2004,1,45.0,991.0,25.0,160.0,32.3,TS,25-35N,large
2004230N09172,CHABA,2004,1,145.0,892.0,15.0,180.0,18.6,C3-5,15-25N,large
2004275N14139,MA-ON,2004,1,45.0,991.0,30.0,82.5,19.7,TS,15-25N,average
2004288N09164,NOCK-TEN,2004,1,50.0,987.0,10.0,110.0,10.6,TS,00-15N,large
2005148N06156,NESAT,2005,7,65.0,976.0,25.428571428571427,81.14285714285714,28.714285714285715,C1-2,25-35N,average
2005192N22155,HAITANG,2005,49,140.0,898.0,13.73469387755102,111.79591836734694,21.63061224489796,C3-5,15-25N,large
2005199N21168,NALGAE,2005,25,55.0,984.0,39.28,86.7,29.092,TS,25-35N,average
2005202N13138,BANYAN,2005,31,60.0,980.0,35.25806451612903,98.28225806451613,25.648387096774194,TS,25-35N,average
2005210N19115,WASHI,2005,7,45.0,991.0,35.0,60.67857142857143,19.857142857142858,TS,15-25N,compact
2005211N09141,MATSA,2005,44,90.0,954.0,17.022727272727273,123.72727272727273,21.263636363636365,C1-2,15-25N,large
2005222N14131,SANVU,2005,13,65.0,976.0,19.153846153846153,35.26923076923077,19.923076923076923,C1-2,15-25N,compact
2005229N21156,GUCHOL,2005,23,65.0,976.0,14.304347826086957,43.141304347826086,28.86086956521739,C1-2,25-35N,compact
2005230N20144,MAWAR,2005,48,125.0,916.0,13.916666666666666,100.55729166666667,25.929166666666664,C3-5,15-25N,average
2005237N14148,TALIM,2005,39,130.0,910.0,14.692307692307692,112.16025641025641,21.358974358974358,C3-5,15-25N,large
2005241N15155,NABI,2005,65,140.0,898.0,23.23076923076923,171.3576923076923,22.263076923076923,C3-5,15-25N,large
2005248N08142,KHANUN,2005,41,115.0,927.0,15.024390243902438,84.14634146341463,19.734146341463415,C3-5,15-25N,average
2005257N15120,VICENTE,2005,3,50.0,987.0,45.0,72.5,17.366666666666667,TS,15-25N,compact
2005262N13127,DAMREY,2005,47,90.0,954.0,18.25531914893617,90.6063829787234,19.47659574468085,C1-2,15-25N,average
2005262N20155,SAOLA,2005,33,100.0,944.0,13.636363636363637,98.78030303030303,27.990909090909092,C3-5,25-35N,average
2005268N19146,LONGWANG,2005,49,125.0,916.0,10.795918367346939,108.04081632653062,22.420408163265304,C3-5,15-25N,large
2005282N22138,KIROGI,2005,60,115.0,927.0,14.3,104.52916666666667,24.285,C3-5,15-25N,average
2005301N13117,KAI-TAK,2005,33,85.0,958.0,10.575757575757576,87.11363636363636,15.012121212121212,C1-2,00-15N,average
2005311N08140,TEMBIN,2005,13,45.0,991.0,21.53846153846154,61.17307692307692,15.276923076923076,TS,15-25N,compact
2005316N05134,BOLAVEN,2005,40,70.0,972.0,16.025,79.65625,13.8225,C1-2,00-15N,average
2005350N08127,UNNAMED,2005,9,45.0,991.0,33.888888888888886,37.5,8.977777777777778,TS,00-15N,compact
2006128N09138,CHANCHU,2006,64,125.0,916.0,12.625,103.125,13.9046875,C3-5,00-15N,average
2006174N08135,JELAWAT,2006,6,45.0,991.0,34.666666666666664,49.375,19.400000000000002,TS,15-25N,compact
2006180N06140,EWINIAR,2006,74,130.0,910.0,14.72972972972973,122.96621621621621,18.997297297297298,C3-5,15-25N,large
2006188N10143,BILIS,2006,30,50.0,987.0,44.6,134.425,20.933333333333334,TS,15-25N,large
2006198N08152,KAEMI,2006,49,75.0,967.0,15.89795918367347,109.37755102040816,18.022448979591836,C1-2,15-25N,large
2006209N13130,PRAPIROON,2006,22,70.0,972.0,20.40909090909091,88.23863636363636,18.740909090909092,C1-2,15-25N,average
2006216N07151,SAOMAI,2006,39,140.0,898.0,14.76923076923077,94.13461538461539,21.08974358974359,C3-5,15-25N,average
2006216N21152,MARIA,2006,27,60.0,980.0,24.814814814814813,73.70370370370371,30.937037037037037,TS,25-35N,average
2006217N20134,BOPHA,2006,23,55.0,984.0,25.26086956521739,55.05434782608695,22.926086956521736,TS,15-25N,compact
2006224N21141,WUKONG,2006,38,55.0,984.0,34.78947368421053,91.86842105263158,29.571052631578947,TS,25-35N,average
2006225N17126,SONAMU,2006,12,45.0,991.0,25.0,71.45833333333333,20.716666666666665,TS,15-25N,compact
2006228N10218,IOKE,2006,126,140.0,900.0,17.72222222222222,137.50198412698413,19.315873015873017,C3-5,15-25N,large
2006252N13139,SHANSHAN,2006,56,120.0,922.0,16.035714285714285,129.14285714285714,21.826785714285712,C3-5,15-25N,large
2006259N19155,YAGI,2006,47,140.0,898.0,16.70212765957447,111.18085106382979,22.751063829787235,C3-5,15-25N,large
2006268N12129,XANGSANE,2006,39,125.0,916.0,11.717948717948717,111.12820512820512,14.474358974358974,C3-5,15-25N,large
2006272N13144,BEBINCA,2006,6,35.0,997.0,45.0,102.29166666666667,24.483333333333334,TS,25-35N,average
2006282N13160,SOULIK,2006,49,90.0,954.0,21.346938775510203,114.77551020408163,23.228571428571428,C1-2,15-25N,large
2006298N12143,CIMARON,2006,57,140.0,898.0,14.263157894736842,99.77631578947368,17.089473684210528,C3-5,15-25N,average
2006311N16143,CHEBI,2006,38,125.0,916.0,16.5,71.09868421052632,15.855263157894736,C3-5,15-25N,compact
2006329N06150,DURIAN,2006,70,135.0,904.0,18.214285714285715,84.48214285714286,12.38857142857143,C3-5,00-15N,average
2006340N08142,UTOR,2006,44,100.0,944.0,17.704545454545453,88.4375,13.536363636363637,C3-5,00-15N,average
2007090N06158,KONG-REY,2007,31,100.0,948.0,23.322580645161292,83.87096774193549,15.693548387096774,C3-5,15-25N,average
2007135N08147,YUTU,2007,37,130.0,926.0,16.756756756756758,91.0,17.62972972972973,C3-5,15-25N,average
2007188N04148,MAN-YI,2007,55,125.0,929.0,25.09090909090909,129.65,22.223636363636363,C3-5,25-35N,large
2007208N20155,USAGI,2007,38,120.0,933.0,25.026315789473685,115.73684210526316,25.531578947368423,C3-5,15-25N,large
2007216N18138,PABUK,2007,29,70.0,970.0,28.310344827586206,68.78448275862068,21.717241379310344,C1-2,15-25N,compact
2007223N19136,SEPAT,2007,53,140.0,918.0,20.18867924528302,120.0377358490566,18.832075471698115,C3-5,15-25N,large
2007240N17153,FITOW,2007,72,80.0,963.0,28.083333333333332,123.27430555555556,27.494444444444444,C1-2,25-35N,large
2007249N24161,DANAS,2007,14,53.0,984.0,25.642857142857142,72.98214285714286,31.7,TS,25-35N,compact
2007254N18140,NARI,2007,23,125.0,929.0,16.26086956521739,83.09782608695652,27.713043478260868,C3-5,25-35N,average
2007257N16134,WIPHA,2007,27,135.0,922.0,21.666666666666668,120.51851851851852,24.62962962962963,C3-5,15-25N,large
2007265N20122,FRANCISCO,2007,7,45.0,989.0,32.285714285714285,78.75,19.714285714285715,TS,15-25N,average
2007272N17125,LEKIMA,2007,26,70.0,970.0,29.96153846153846,84.26923076923077,16.526923076923076,C1-2,15-25N,average
2007274N18131,KROSA,2007,46,130.0,926.0,29.58695652173913,159.67934782608697,21.097826086956523,C3-5,15-25N,large
2007291N19148,KAJIKI,2007,19,115.0,937.0,17.31578947368421,84.26315789473684,24.678947368421053,C3-5,15-25N,average
2007306N18133,PEIPAH,2007,37,75.0,967.0,24.243243243243242,81.62162162162163,17.675675675675677,C1-2,15-25N,average
2007323N09128,HAGIBIS,2007,40,80.0,963.0,28.025,72.73125,10.9475,C1-2,00-15N,compact
2007324N10140,MITAG,2007,53,95.0,952.0,18.92452830188679,102.16981132075472,15.986792452830187,C1-2,00-15N,average
2008104N08128,NEOGURI,2008,35,100.0,948.0,26.885714285714286,79.35,15.717142857142857,C3-5,15-25N,average
2008128N07134,RAMMASUN,2008,34,135.0,922.0,23.852941176470587,117.29411764705883,16.011764705882353,C3-5,00-15N,large
2008135N12116,HALONG,2008,31,75.0,967.0,29.129032258064516,82.9758064516129,18.796774193548387,C1-2,15-25N,average
2008135N16125,MATMO,2008,3,40.0,993.0,30.0,75.0,24.53333333333333,TS,15-25N,average
2008147N10141,NAKRI,2008,53,125.0,929.0,21.58490566037736,94.5754716981132,19.666037735849056,C3-5,15-25N,average
2008169N08135,FENGSHEN,2008,51,110.0,941.0,25.529411764705884,80.1029411764706,15.411764705882353,C3-5,15-25N,average
2008193N20126,KALMAEGI,2008,23,90.0,956.0,22.869565217391305,59.41304347826087,22.56086956521739,C1-2,15-25N,compact
2008206N22133,FUNG-WONG,2008,26,95.0,952.0,27.346153846153847,110.13461538461539,22.71923076923077,C1-2,15-25N,large
2008217N19120,KAMMURI,2008,13,50.0,985.0,31.0,83.76923076923077,21.03846153846154,TS,15-25N,average
2008218N10224,KIKA,2008,24,35.0,1007.0,36.5,28.208333333333332,10.383333333333333,TS,00-15N,compact
2008226N22134,VONGFONG,2008,15,55.0,982.0,30.866666666666667,52.71666666666667,31.45333333333333,TS,25-35N,compact
2008229N13147,NURI,2008,37,100.0,948.0,22.0,94.38513513513513,18.656756756756756,C3-5,15-25N,average
2008252N16128,SINLAKU,2008,85,125.0,929.0,21.44705882352941,112.67058823529412,25.125882352941176,C3-5,25-35N,large
2008262N16142,HAGUPIT,2008,37,125.0,929.0,28.91891891891892,110.46621621621621,17.491891891891893,C3-5,15-25N,large
2008268N12140,JANGMI,2008,51,140.0,918.0,29.0,107.79411764705883,20.743137254901963,C3-5,15-25N,average
2008272N08139,HIGOS,2008,11,40.0,993.0,30.727272727272727,60.27272727272727,12.218181818181819,TS,00-15N,compact
2008272N15113,MEKKHALA,2008,4,45.0,989.0,45.0,45.75,16.8,TS,15-25N,compact
2008292N20152,BAVI,2008,3,45.0,989.0,37.666666666666664,73.91666666666667,29.5,TS,25-35N,average
2008311N08128,MAYSAK,2008,18,55.0,982.0,26.444444444444443,49.611111111111114,16.450000000000003,TS,15-25N,compact
2008320N08122,NOUL,2008,4,40.0,993.0,34.0,32.8125,11.7,TS,00-15N,compact
2008320N23146,HAISHEN,2008,5,40.0,993.0,35.0,55.35,27.24,TS,25-35N,compact
2008343N16168,DOLPHIN,2008,50,85.0,959.0,19.76,66.47,15.75,C1-2,00-15N,compact
2009121N13124,KUJIRA,2009,34,115.0,937.0,22.205882352941178,63.97794117647059,18.68235294117647,C3-5,15-25N,compact
2009123N10111,CHAN-HOM,2009,33,90.0,956.0,23.757575757575758,56.06060606060606,13.696969696969697,C1-2,00-15N,compact
2009164N10131,LINFA,2009,31,75.0,967.0,32.87096774193548,60.306451612903224,20.33225806451613,C1-2,15-25N,compact
2009173N10132,NANGKA,2009,19,45.0,988.0,30.894736842105264,41.078947368421055,15.521052631578947,TS,00-15N,compact
2009196N14129,MOLAVE,2009,19,65.0,974.0,23.894736842105264,62.0,20.926315789473687,C1-2,15-25N,compact
2009213N16130,GONI,2009,8,45.0,989.0,25.0,22.75,21.3,TS,15-25N,compact
2009215N20133,MORAKOT,2009,43,80.0,954.0,31.558139534883722,140.63372093023256,23.855813953488372,C1-2,15-25N,large
2009219N19140,ETAU,2009,10,40.0,992.0,32.1,24.925,32.83,TS,25-35N,compact
2009221N10201,MAKA,2009,12,45.0,992.0,29.0,26.166666666666668,15.583333333333334,TS,15-25N,compact
2009228N11163,VAMCO,2009,56,120.0,933.0,23.178571428571427,88.07589285714286,22.439285714285713,C3-5,15-25N,average
2009238N20151,KROVANH,2009,25,65.0,974.0,30.52,70.13,29.044,C1-2,25-35N,compact
2009246N18130,DUJUAN,2009,34,50.0,985.0,45.61764705882353,80.08088235294117,27.423529411764704,TS,25-35N,average
2009254N14130,KOPPU,2009,11,75.0,967.0,26.727272727272727,91.43181818181819,20.745454545454546,C1-2,15-25N,average
2009255N13155,CHOI-WAN,2009,54,140.0,918.0,23.962962962962962,141.49537037037038,21.19814814814815,C3-5,15-25N,large
2009268N14128,KETSANA,2009,21,90.0,955.0,19.857142857142858,103.3452380952381,15.652380952380952,C1-2,15-25N,average
2009270N10148,PARMA,2009,96,135.0,922.0,26.90625,83.05208333333333,16.648958333333333,C3-5,15-25N,average
2009272N07164,MELOR,2009,65,150.0,911.0,20.215384615384615,144.48846153846154,19.14923076923077,C3-5,15-25N,large
2009281N15144,NEPARTAK,2009,17,55.0,982.0,23.294117647058822,50.30882352941177,25.28235294117647,TS,15-25N,compact
2009287N10154,LUPIT,2009,81,140.0,918.0,20.666666666666668,122.42283950617283,18.71111111111111,C3-5,15-25N,large
2009299N12153,MIRINAE,2009,51,90.0,956.0,22.098039215686274,80.04411764705883,14.809803921568626,C1-2,00-15N,average
2009311N20157,UNNAMED,2009,10,45.0,989.0,30.0,38.025,21.35,TS,15-25N,compact
2009325N06148,NIDA,2009,73,155.0,907.0,22.493150684931507,114.4041095890411,16.99041095890411,C3-5,15-25N,large
2010078N03153,OMAIS,2010,11,50.0,985.0,24.363636363636363,36.81818181818182,14.418181818181818,TS,00-15N,compact
2010191N12138,CONSON,2010,46,80.0,963.0,17.956521739130434,51.95652173913044,16.34565217391304,C1-2,15-25N,compact
2010198N15123,CHANTHU,2010,14,80.0,963.0,22.571428571428573,74.96428571428571,19.62857142857143,C1-2,15-25N,average
2010218N20127,DIANMU,2010,15,55.0,982.0,29.4,79.81666666666666,31.366666666666667,TS,25-35N,average
2010233N17119,MINDULLE,2010,11,65.0,974.0,27.818181818181817,50.25,17.69090909090909,C1-2,15-25N,compact
2010239N15118,LIONROCK,2010,29,60.0,978.0,22.655172413793103,57.706896551724135,21.50344827586207,TS,15-25N,compact
2010240N15142,KOMPASU,2010,30,105.0,944.0,24.566666666666666,67.95,25.583333333333332,C3-5,15-25N,compact
2010241N25125,NAMTHEUN,2010,7,40.0,993.0,24.285714285714285,26.25,25.400000000000002,TS,25-35N,compact
2010243N12146,MALOU,2010,14,45.0,989.0,27.0,34.44642857142857,33.035714285714285,TS,25-35N,compact
2010249N24125,MERANTI,2010,9,65.0,974.0,21.77777777777778,43.27777777777778,23.266666666666666,C1-2,15-25N,compact
2010256N17137,FANAPI,2010,36,105.0,944.0,19.416666666666668,91.77083333333333,22.758333333333333,C3-5,15-25N,average
2010263N15149,MALAKAS,2010,26,90.0,948.0,21.0,102.98076923076923,23.334615384615386,C1-2,15-25N,average
2010285N13145,MEGI,2010,76,160.0,903.0,16.68421052631579,118.52631578947368,17.735526315789475,C3-5,15-25N,large
2010293N16147,CHABA,2010,45,115.0,937.0,21.11111111111111,142.8111111111111,24.11333333333333,C3-5,15-25N,large
2010305N06105,JAL,2010,23,55.0,982.0,24.652173913043477,72.70652173913044,10.873913043478261,TS,00-15N,compact
2010350N30175,OMEKA,2010,14,45.0,997.0,24.857142857142858,45.25,22.364285714285717,TS,15-25N,compact
2011126N11129,AERE,2011,39,50.0,985.0,37.205128205128204,80.8525641025641,19.846153846153847,TS,15-25N,average
2011140N08142,SONGDA,2011,62,140.0,918.0,23.967741935483872,112.68951612903226,16.47741935483871,C3-5,00-15N,large
2011172N11133,MEARI,2011,23,55.0,982.0,34.91304347826087,158.0108695652174,23.86521739130435,TS,15-25N,large
2011192N18158,MA-ON,2011,72,115.0,937.0,21.444444444444443,143.66319444444446,25.333333333333332,C3-5,15-25N,large
2011205N12130,NOCK-TEN,2011,35,65.0,974.0,27.485714285714284,61.22857142857143,17.708571428571428,C1-2,15-25N,compact
2011208N09145,MUIFA,2011,84,140.0,918.0,22.36904761904762,162.86309523809524,21.808333333333334,C3-5,15-25N,large
2011215N24164,MERBOK,2011,34,75.0,967.0,25.647058823529413,105.21323529411765,28.723529411764705,C1-2,25-35N,average
2011233N12129,NANMADOL,2011,52,140.0,918.0,27.98076923076923,99.83653846153847,18.56153846153846,C3-5,15-25N,average
2011236N15143,TALAS,2011,72,55.0,982.0,44.25,168.40277777777777,26.248611111111114,TS,25-35N,large
2011245N21150,NORU,2011,11,45.0,989.0,41.63636363636363,138.52272727272728,27.90909090909091,TS,25-35N,large
2011249N18133,KULAP,2011,7,40.0,993.0,34.0,56.57142857142857,24.17142857142857,TS,15-25N,compact
2011253N20145,ROKE,2011,40,115.0,937.0,25.1,111.7625,27.82,C3-5,25-35N,large
2011257N19154,SONCA,2011,23,90.0,956.0,24.608695652173914,90.55434782608695,27.604347826086954,C1-2,25-35N,average
2011266N13139,NESAT,2011,55,115.0,937.0,27.272727272727273,115.95454545454545,16.992727272727272,C3-5,15-25N,large
2011270N18139,NALGAE,2011,51,130.0,926.0,22.686274509803923,103.07352941176471,17.652941176470588,C3-5,15-25N,average
2011346N03156,WASHI,2011,27,50.0,985.0,32.22222222222222,45.888888888888886,8.988888888888889,TS,00-15N,compact
2012086N10116,PAKHAR,2012,17,60.0,978.0,27.529411764705884,73.58823529411765,9.7,TS,00-15N,average
2012141N11148,SANVU,2012,47,80.0,963.0,26.97872340425532,101.2872340425532,21.31063829787234,C1-2,15-25N,average
2012152N12130,MAWAR,2012,35,105.0,944.0,19.771428571428572,109.65714285714286,21.285714285714285,C3-5,15-25N,large
2012162N06150,GUCHOL,2012,53,130.0,926.0,21.69811320754717,106.8254716981132,17.78679245283019,C3-5,00-15N,average
2012168N19112,TALIM,2012,20,50.0,985.0,44.55,79.8,21.225,TS,15-25N,average
2012177N11135,DOKSURI,2012,12,40.0,993.0,40.916666666666664,60.479166666666664,20.858333333333334,TS,15-25N,compact
2012196N19144,KHANUN,2012,16,55.0,982.0,31.625,53.4375,29.13125,TS,25-35N,compact
2012201N15129,VICENTE,2012,22,115.0,937.0,26.181818181818183,60.56818181818182,20.272727272727273,C3-5,15-25N,compact
2012209N11131,SAOLA,2012,43,90.0,956.0,25.0,90.24418604651163,22.093023255813954,C1-2,15-25N,average
2012209N25149,DAMREY,2012,29,80.0,963.0,27.482758620689655,82.1896551724138,30.275862068965516,C1-2,25-35N,average
2012215N23146,HAIKUI,2012,35,65.0,974.0,31.457142857142856,79.77142857142857,27.92,C1-2,25-35N,average
2012216N24162,KIROGI,2012,23,40.0,993.0,51.08695652173913,61.09782608695652,30.52608695652174,TS,25-35N,compact
2012225N16133,KAI-TAK,2012,37,65.0,974.0,29.945945945945947,71.24324324324324,19.08648648648649,C1-2,15-25N,compact
2012230N21126,TEMBIN,2012,88,120.0,933.0,21.193181818181817,102.82670454545455,22.572727272727274,C3-5,15-25N,average
2012232N13141,BOLAVEN,2012,61,125.0,929.0,21.229508196721312,143.79918032786884,23.044262295081968,C3-5,15-25N,large
2012254N09135,SANBA,2012,46,155.0,907.0,19.152173913043477,119.02717391304348,20.428260869565218,C3-5,15-25N,large
2012263N15141,JELAWAT,2012,73,140.0,918.0,19.534246575342465,124.95205479452055,18.75205479452055,C3-5,15-25N,large
2012267N16141,EWINIAR,2012,35,55.0,982.0,38.285714285714285,96.17142857142858,28.414285714285715,TS,25-35N,average
2012273N13112,GAEMI,2012,35,55.0,982.0,31.142857142857142,62.1,14.7,TS,00-15N,compact
2012274N13151,MALIKSI,2012,17,45.0,989.0,40.23529411764706,69.55882352941177,25.329411764705885,TS,15-25N,compact
2012279N15145,PRAPIROON,2012,88,105.0,944.0,27.28409090909091,148.4119318181818,22.068181818181817,C3-5,15-25N,large
2012287N16147,MARIA,2012,35,55.0,982.0,31.228571428571428,77.22857142857143,26.622857142857143,TS,25-35N,average
2012296N06135,SON-TINH,2012,37,105.0,944.0,25.91891891891892,64.07432432432432,16.22432432432432,C3-5,15-25N,compact
2012331N03157,BOPHA,2012,89,150.0,911.0,17.786516853932586,80.86516853932584,8.314606741573034,C3-5,00-15N,average
2013001N04141,SONAMU,2013,19,40.0,993.0,33.578947368421055,56.76315789473684,7.273684210526315,TS,00-15N,compact
2013158N13129,YAGI,2013,23,55.0,982.0,32.21739130434783,64.71739130434783,25.665217391304346,TS,25-35N,compact
2013178N09133,RUMBIA,2013,22,70.0,970.0,31.181818181818183,58.63636363636363,17.754545454545454,C1-2,15-25N,compact
2013187N20156,SOULIK,2013,46,125.0,929.0,19.956521739130434,142.7445652173913,22.0,C3-5,15-25N,large
2013196N14128,CIMARON,2013,9,40.0,993.0,34.22222222222222,31.944444444444443,21.0,TS,15-25N,compact
2013210N13122,JEBI,2013,17,60.0,978.0,29.764705882352942,63.26470588235294,19.458823529411767,TS,15-25N,compact
2013217N11118,MANGKHUT,2013,4,45.0,989.0,31.25,24.0,19.225,TS,15-25N,compact
2013220N12137,UTOR,2013,45,130.0,926.0,18.644444444444446,112.10555555555555,17.797777777777778,C3-5,15-25N,large
2013224N12220,UNALA,2013,1,35.0,1005.0,30.0,15.0,17.0,TS,15-25N,compact
2013227N08193,PEWA,2013,43,65.0,987.0,23.023255813953487,48.28488372093023,14.204651162790697,C1-2,00-15N,compact
2013228N23124,TRAMI,2013,30,75.0,967.0,25.4,73.25,23.34333333333333,C1-2,15-25N,compact
2013237N11129,KONG-REY,2013,25,50.0,985.0,30.6,39.12,23.188000000000002,TS,15-25N,compact
2013243N26122,TORAJI,2013,11,50.0,985.0,35.0,39.15909090909091,30.018181818181816,TS,25-35N,compact
2013255N20148,MAN-YI,2013,20,60.0,978.0,76.6,117.4125,28.130000000000003,TS,25-35N,large
2013259N17132,USAGI,2013,46,135.0,922.0,18.108695652173914,122.14673913043478,19.597826086956523,C3-5,15-25N,large
2013262N14149,PABUK,2013,42,90.0,956.0,21.642857142857142,87.36309523809524,25.919047619047618,C1-2,25-35N,average
2013269N15118,WUTIP,2013,27,100.0,948.0,17.48148148148148,81.07407407407408,17.05185185185185,C3-5,15-25N,average
2013272N10135,FITOW,2013,50,90.0,956.0,29.8,131.91,21.396,C1-2,15-25N,large
2013274N18152,DANAS,2013,34,120.0,933.0,19.735294117647058,74.7720588235294,24.376470588235293,C3-5,15-25N,average
2013282N14132,NARI,2013,50,100.0,948.0,16.14,89.685,15.386000000000001,C3-5,15-25N,average
2013282N14149,WIPHA,2013,40,120.0,933.0,22.25,163.81875,21.1475,C3-5,15-25N,large
2013289N14149,FRANCISCO,2013,78,140.0,918.0,18.32051282051282,120.53205128205128,20.293589743589745,C3-5,15-25N,large
2013292N09162,LEKIMA,2013,41,140.0,918.0,18.51219512195122,104.3109756097561,20.37560975609756,C3-5,15-25N,average
2013301N13142,KROSA,2013,41,105.0,944.0,18.926829268292682,99.72560975609755,18.790243902439023,C3-5,15-25N,average
2013306N07162,HAIYAN,2013,57,170.0,895.0,16.385964912280702,100.6359649122807,11.549122807017543,C3-5,00-15N,average
2013324N07103,LEHAR,2013,35,75.0,967.0,21.02857142857143,71.8,12.722857142857142,C1-2,00-15N,compact
2014058N09149,FAXAI,2014,40,80.0,963.0,33.675,78.28125,15.492500000000001,C1-2,00-15N,average
2014117N10145,TAPAH,2014,28,70.0,970.0,23.642857142857142,64.52678571428571,16.50357142857143,C1-2,15-25N,compact
2014164N19116,HAGIBIS,2014,14,50.0,985.0,48.142857142857146,83.85714285714286,23.55,TS,15-25N,average
2014184N08147,NEOGURI,2014,56,140.0,918.0,23.607142857142858,130.79464285714286,22.162499999999998,C3-5,15-25N,large
2014190N08154,RAMMASUN,2014,51,140.0,918.0,17.03921568627451,90.73529411764706,16.55294117647059,C3-5,15-25N,average
2014197N10137,MATMO,2014,45,85.0,959.0,23.711111111111112,104.17222222222222,16.504444444444445,C1-2,00-15N,average
2014204N10239,GENEVIEVE,2014,68,140.0,918.0,24.823529411764707,81.24264705882354,19.248529411764707,C3-5,00-15N,average
2014209N12152,HALONG,2014,98,140.0,918.0,21.979591836734695,110.09948979591837,19.96530612244898,C3-5,15-25N,large
2014209N16134,NAKRI,2014,19,40.0,993.0,102.63157894736842,90.0,30.589473684210528,TS,25-35N,average
2014248N19129,FENGSHEN,2014,19,65.0,974.0,37.26315789473684,79.94736842105263,31.257894736842104,C1-2,25-35N,average
2014254N10142,KALMAEGI,2014,39,80.0,963.0,22.487179487179485,126.23717948717949,17.97692307692308,C1-2,15-25N,large
2014260N13135,FUNG-WONG,2014,36,50.0,981.0,36.27777777777778,57.03472222222222,23.047222222222224,TS,15-25N,compact
2014267N18150,KAMMURI,2014,30,55.0,982.0,61.8,149.28333333333333,27.696666666666665,TS,25-35N,large
2014271N10160,PHANFONE,2014,54,135.0,922.0,21.462962962962962,112.04629629629629,22.614814814814817,C3-5,15-25N,large
2014275N06166,VONGFONG,2014,85,155.0,907.0,24.31764705882353,127.59705882352941,20.378823529411765,C3-5,15-25N,large
2014303N13141,NURI,2014,47,155.0,907.0,20.425531914893618,126.01063829787235,20.680851063829788,C3-5,15-25N,large
2014329N08131,SINLAKU,2014,14,55.0,982.0,33.285714285714285,58.125,12.700000000000001,TS,00-15N,compact
2014334N02156,HAGUPIT,2014,75,155.0,907.0,20.30666666666667,100.16,11.1,C3-5,00-15N,average
2014362N07130,JANGMI,2014,7,45.0,989.0,32.57142857142857,43.785714285714285,9.514285714285714,TS,00-15N,compact
2015012N09146,MEKKHALA,2015,17,70.0,970.0,23.176470588235293,74.17647058823529,12.147058823529411,C1-2,00-15N,average
2015038N08158,HIGOS,2015,28,130.0,926.0,19.357142857142858,68.0625,13.424999999999999,C3-5,00-15N,compact
2015069N04173,BAVI,2015,39,50.0,985.0,36.41025641025641,91.82692307692308,12.441025641025641,TS,00-15N,average
2015085N06162,MAYSAK,2015,64,150.0,911.0,15.4375,86.24609375,11.08125,C3-5,00-15N,average
2015092N06161,HAISHEN,2015,9,45.0,989.0,45.0,55.0,8.955555555555556,TS,00-15N,compact
2015122N07144,NOUL,2015,67,140.0,918.0,13.08955223880597,84.69029850746269,14.480597014925374,C3-5,00-15N,average
2015127N04158,DOLPHIN,2015,81,140.0,918.0,26.123456790123456,98.73148148148148,16.082716049382718,C3-5,00-15N,average
2015171N15112,KUJIRA,2015,11,50.0,985.0,36.18181818181818,66.77272727272727,18.10909090909091,TS,15-25N,compact
2015180N09160,CHAN-HOM,2015,88,120.0,933.0,24.772727272727273,129.5255681818182,18.982954545454547,C3-5,15-25N,large
2015183N13130,LINFA,2015,53,75.0,967.0,31.30188679245283,71.83490566037736,19.39056603773585,C1-2,15-25N,compact
2015184N08172,NANGKA,2015,106,135.0,922.0,17.38679245283019,129.62264150943398,19.08679245283019,C3-5,15-25N,large
2015188N08194,HALOLA,2015,98,85.0,959.0,18.040816326530614,69.83163265306122,19.920408163265307,C1-2,15-25N,compact
2015211N13162,SOUDELOR,2015,75,155.0,907.0,18.053333333333335,131.98666666666668,18.553333333333335,C3-5,15-25N,large
2015218N18149,MOLAVE,2015,16,45.0,989.0,37.8125,63.078125,33.13125,TS,25-35N,compact
2015226N12151,GONI,2015,83,120.0,933.0,15.55421686746988,107.57831325301204,20.624096385542167,C3-5,15-25N,average
2015226N15164,ATSANI,2015,78,140.0,918.0,20.846153846153847,169.92948717948718,22.244871794871795,C3-5,15-25N,large
2015229N08212,KILO,2015,119,120.0,940.0,24.025210084033613,123.93067226890756,23.158823529411766,C3-5,15-25N,large
2015249N18142,ETAU,2015,11,60.0,978.0,26.0,64.38636363636364,30.318181818181817,TS,25-35N,compact
2015257N14152,KROVANH,2015,40,100.0,948.0,21.475,88.7125,25.3475,C3-5,15-25N,average
2015263N14148,DUJUAN,2015,54,130.0,926.0,26.037037037037038,117.96296296296296,21.38148148148148,C3-5,15-25N,large
2015273N12130,MUJIGAE,2015,23,115.0,937.0,20.608695652173914,99.17391304347827,20.465217391304346,C3-5,15-25N,average
2015274N17167,CHOI-WAN,2015,29,70.0,970.0,59.206896551724135,260.0,24.272413793103446,C1-2,15-25N,large
2015285N14151,KOPPU,2015,49,130.0,926.0,23.06122448979592,98.3061224489796,16.13877551020408,C3-5,15-25N,average
2015286N12163,CHAMPI,2015,87,125.0,929.0,21.195402298850574,121.49137931034483,21.491954022988505,C3-5,15-25N,large
2015321N04164,IN-FA,2015,73,120.0,933.0,23.972602739726028,82.3972602739726,13.884931506849316,C3-5,00-15N,average
2015344N07145,MELOR,2015,37,125.0,929.0,18.054054054054053,85.53378378378379,12.28108108108108,C3-5,00-15N,average
2016185N08145,NEPARTAK,2016,47,155.0,907.0,25.25531914893617,119.46808510638297,18.663829787234043,C3-5,15-25N,large
2016205N25152,LUPIT,2016,9,45.0,989.0,41.77777777777778,74.02777777777777,30.966666666666665,TS,25-35N,average
2016207N17116,MIRINAE,2016,18,65.0,974.0,26.0,65.0,19.855555555555554,C1-2,15-25N,compact
2016211N11128,NIDA,2016,29,80.0,963.0,32.0,123.01724137931035,19.393103448275863,C1-2,15-25N,large
2016216N17149,OMAIS,2016,30,65.0,974.0,85.7,236.70833333333334,26.886666666666667,C1-2,25-35N,large
2016221N19163,CONSON,2016,39,55.0,982.0,37.46153846153846,96.82692307692308,23.47692307692308,TS,15-25N,average
2016225N16138,CHANTHU,2016,22,50.0,985.0,39.09090909090909,124.14772727272727,28.24090909090909,TS,25-35N,large
2016228N22117,DIANMU,2016,7,45.0,989.0,28.571428571428573,61.42857142857143,20.557142857142857,TS,15-25N,compact
2016230N15138,MINDULLE,2016,32,65.0,974.0,32.125,66.640625,23.54375,C1-2,15-25N,compact
2016230N25160,LIONROCK,2016,102,120.0,933.0,25.49019607843137,106.82843137254902,27.929411764705883,C3-5,25-35N,average
2016232N22153,KOMPASU,2016,1,35.0,996.0,30.0,70.0,34.4,TS,25-35N,compact
2016236N13146,UNNAMED,2016,4,40.0,993.0,50.0,74.375,15.149999999999999,TS,00-15N,average
2016244N21123,NAMTHEUN,2016,32,100.0,948.0,18.09375,69.6484375,28.18125,C3-5,25-35N,compact
2016253N13144,MERANTI,2016,43,170.0,895.0,19.302325581395348,124.65116279069767,19.388372093023257,C3-5,15-25N,large
2016256N12146,MALAKAS,2016,72,115.0,937.0,21.09722222222222,103.91319444444444,22.481944444444444,C3-5,25-35N,average
2016265N10150,MEGI,2016,41,120.0,933.0,23.853658536585368,197.53048780487805,21.13658536585366,C3-5,15-25N,large
2016269N15165,CHABA,2016,47,150.0,911.0,17.74468085106383,89.28191489361703,21.16595744680851,C3-5,15-25N,average
2016278N16181,SONGDA,2016,33,130.0,926.0,19.272727272727273,93.48484848484848,26.78181818181818,C3-5,25-35N,average
2016279N19130,AERE,2016,30,55.0,985.0,32.53333333333333,70.54166666666667,20.653333333333332,TS,15-25N,compact
2016287N12131,SARIKA,2016,42,115.0,944.0,21.095238095238095,133.0952380952381,16.41190476190476,C3-5,15-25N,large
2016288N06146,HAIMA,2016,54,145.0,914.0,23.425925925925927,159.93055555555554,15.74074074074074,C3-5,15-25N,large
2016305N10147,MEARI,2016,33,90.0,962.0,28.424242424242426,134.7348484848485,19.599999999999998,C1-2,15-25N,large
2016313N11163,MA-ON,2016,5,35.0,996.0,18.6,33.5,16.26,TS,15-25N,compact
2016328N09130,TOKAGE,2016,26,80.0,963.0,26.576923076923077,55.57692307692308,13.561538461538463,C1-2,00-15N,compact
2016355N07146,NOCK-TEN,2016,49,140.0,915.0,16.918367346938776,93.87755102040816,12.485714285714284,C3-5,00-15N,average
2017113N09144,MUIFA,2017,2,40.0,993.0,25.0,40.625,14.45,TS,00-15N,compact
2017161N13119,MERBOK,2017,13,45.0,989.0,46.38461538461539,46.23076923076923,20.138461538461538,TS,15-25N,compact
2017182N15132,NANMADOL,2017,22,65.0,974.0,19.136363636363637,51.15909090909091,29.29090909090909,C1-2,25-35N,compact
2017195N16114,TALAS,2017,12,50.0,985.0,41.75,78.0,18.266666666666666,TS,15-25N,average
2017200N26162,NORU,2017,137,135.0,922.0,19.744525547445257,111.6970802919708,27.63649635036496,C3-5,25-35N,large
2017201N23178,KULAP,2017,22,50.0,985.0,35.72727272727273,98.77272727272727,31.38181818181818,TS,25-35N,average
2017202N16116,SONCA,2017,19,45.0,989.0,27.526315789473685,41.48684210526316,17.16842105263158,TS,15-25N,compact
2017202N19124,ROKE,2017,3,35.0,996.0,45.0,67.5,21.400000000000002,TS,15-25N,compact
2017206N13129,NESAT,2017,35,90.0,956.0,25.97142857142857,107.47857142857143,20.562857142857144,C1-2,15-25N,average
2017209N19118,HAITANG,2017,10,40.0,992.0,45.5,97.325,20.09,TS,15-25N,average
2017212N27158,NALGAE,2017,20,58.0,980.0,32.65,92.8875,29.560000000000002,TS,25-35N,average
2017223N16172,BANYAN,2017,42,110.0,941.0,10.404761904761905,58.44642857142857,23.47142857142857,C3-5,15-25N,compact
2017232N19130,HATO,2017,21,100.0,948.0,17.095238095238095,105.76190476190476,21.404761904761905,C3-5,15-25N,average
2017236N15129,PAKHAR,2017,21,60.0,983.0,21.571428571428573,61.083333333333336,18.00952380952381,TS,15-25N,compact
2017239N18147,SANVU,2017,40,90.0,953.0,32.05,173.2125,26.99,C1-2,25-35N,large
2017242N19122,MAWAR,2017,15,45.0,989.0,50.53333333333333,53.13333333333333,21.66,TS,15-25N,compact
2017252N14147,TALIM,2017,64,120.0,933.0,32.921875,146.2265625,25.225,C3-5,25-35N,large
2017253N14130,DOKSURI,2017,28,95.0,960.0,24.821428571428573,104.63392857142857,16.42142857142857,C1-2,15-25N,average
2017284N15134,KHANUN,2017,23,90.0,956.0,29.17391304347826,125.32608695652173,18.878260869565217,C1-2,15-25N,large
2017288N09138,LAN,2017,55,135.0,922.0,25.581818181818182,215.5909090909091,17.787272727272725,C3-5,00-15N,large
2017292N13151,SAOLA,2017,38,65.0,974.0,34.94736842105263,145.70394736842104,23.239473684210527,C1-2,15-25N,large
2017304N11127,DAMREY,2017,22,90.0,967.0,29.5,73.32954545454545,12.686363636363637,C1-2,00-15N,compact
2017312N10134,HAIKUI,2017,13,45.0,989.0,21.384615384615383,47.80769230769231,16.992307692307694,TS,15-25N,compact
2017321N07124,KIROGI,2017,5,40.0,993.0,45.0,58.0,11.22,TS,00-15N,compact
2017347N11131,KAI-TAK,2017,25,50.0,985.0,46.04,116.86,10.304,TS,00-15N,large
2017354N08134,TEMBIN,2017,36,85.0,959.0,28.666666666666668,102.59027777777777,8.019444444444444,C1-2,00-15N,average
2017364N07138,BOLAVEN,2018,3,35.0,1001.0,40.0,102.5,10.700000000000001,TS,00-15N,average
2018039N08151,SANBA,2018,17,40.0,999.0,40.588235294117645,73.08823529411765,7.4411764705882355,TS,00-15N,compact
2018082N04147,JELAWAT,2018,47,130.0,926.0,37.340425531914896,116.32978723404256,16.995744680851065,C3-5,15-25N,large
2018129N15153,UNNAMED,2018,5,35.0,1004.0,40.0,83.5,19.18,TS,15-25N,average
2018153N12113,EWINIAR,2018,12,40.0,996.0,28.166666666666668,54.375,20.95,TS,15-25N,compact
2018155N10132,MALIKSI,2018,31,60.0,974.0,74.19354838709677,160.28225806451613,24.351612903225806,TS,15-25N,large
2018164N21120,UNNAMED,2018,3,35.0,993.0,40.0,68.75,26.066666666666666,TS,25-35N,compact
2018165N22117,GAEMI,2018,18,45.0,990.0,46.833333333333336,139.23611111111111,26.438888888888886,TS,25-35N,large
2018179N19134,PRAPIROON,2018,38,80.0,960.0,37.578947368421055,126.21710526315789,25.510526315789473,C1-2,15-25N,large
2018184N10147,MARIA,2018,62,145.0,910.0,22.35483870967742,133.79032258064515,19.383870967741935,C3-5,15-25N,large
2018195N19138,SON-TINH,2018,34,50.0,989.0,46.088235294117645,77.27941176470588,19.11176470588235,TS,15-25N,average
2018199N18128,AMPIL,2018,36,55.0,982.0,68.63888888888889,115.45138888888889,26.4,TS,25-35N,large
2018202N18116,UNNAMED,2018,5,35.0,995.0,40.0,98.25,18.439999999999998,TS,15-25N,average
2018202N21159,WUKONG,2018,22,65.0,974.0,48.36363636363637,99.55681818181819,29.313636363636363,C1-2,25-35N,average
2018204N15137,JONGDARI,2018,50,90.0,950.0,29.84,88.455,27.064,C1-2,25-35N,average
2018213N12245,HECTOR,2018,111,135.0,936.0,19.53153153153153,62.20945945945946,17.452252252252254,C3-5,15-25N,compact
2018214N19153,SHANSHAN,2018,45,85.0,953.0,28.177777777777777,154.7,26.266666666666666,C1-2,25-35N,large
2018218N18134,YAGI,2018,39,45.0,983.0,55.61538461538461,86.9551282051282,23.289743589743587,TS,15-25N,average
2018221N17112,BEBINCA,2018,38,60.0,979.0,36.05263157894737,62.26973684210526,20.50526315789474,TS,15-25N,compact
2018222N16147,LEEPI,2018,34,65.0,982.0,19.91176470588235,60.9485294117647,25.788235294117644,C1-2,25-35N,compact
2018226N23128,RUMBIA,2018,17,50.0,978.0,59.35294117647059,105.66176470588235,30.447058823529414,TS,25-35N,average
2018227N11145,SOULIK,2018,61,105.0,942.0,29.40983606557377,134.75409836065575,26.18032786885246,C3-5,25-35N,large
2018229N11160,CIMARON,2018,44,115.0,936.0,26.75,150.95454545454547,21.34090909090909,C3-5,15-25N,large
2018239N11161,JEBI,2018,60,155.0,907.0,19.033333333333335,129.05,21.383333333333333,C3-5,15-25N,large
2018250N12170,MANGKHUT,2018,84,155.0,896.0,19.535714285714285,170.38690476190476,16.679761904761904,C3-5,00-15N,large
2018251N20122,BARIJAT,2018,23,45.0,996.0,32.65217391304348,51.141304347826086,20.92608695652174,TS,15-25N,compact
2018263N12146,TRAMI,2018,76,140.0,914.0,32.39473684210526,182.2171052631579,21.438157894736843,C3-5,15-25N,large
2018271N06154,KONG-REY,2018,61,150.0,906.0,22.0327868852459,177.00819672131146,19.640983606557377,C3-5,15-25N,large
2018294N08161,YUTU,2018,91,150.0,904.0,27.78021978021978,184.51923076923077,16.36043956043956,C3-5,15-25N,large
2018311N07179,USAGI,2018,29,90.0,971.0,26.79310344827586,70.08620689655173,10.37241379310345,C1-2,00-15N,compact
2018324N04156,MAN-YI,2018,46,95.0,959.0,19.47826086956522,96.05978260869566,14.845652173913043,C1-2,15-25N,average
2018365N08115,PABUK,2018,31,50.0,996.0,41.41935483870968,126.29032258064517,6.703225806451614,TS,00-15N,large
2019050N05163,WUTIP,2019,67,145.0,895.0,20.940298507462686,107.7723880597015,11.144776119402986,C3-5,00-15N,average
2019071N04161,UNNAMED,2019,1,35.0,1004.0,20.0,35.0,7.4,TS,00-15N,compact
2019178N10137,UNNAMED,2019,1,35.0,998.0,15.0,17.5,14.8,TS,00-15N,compact
2019182N18114,MUN,2019,3,35.0,992.0,57.666666666666664,45.0,19.400000000000002,TS,15-25N,compact
2019195N13136,DANAS,2019,19,45.0,984.0,43.31578947368421,160.19736842105263,26.968421052631577,TS,25-35N,large
2019205N23137,NARI,2019,11,35.0,991.0,55.09090909090909,68.4090909090909,30.3,TS,25-35N,compact
2019210N16117,WIPHA,2019,36,55.0,983.0,43.22222222222222,65.34722222222223,20.719444444444445,TS,15-25N,compact
2019213N17155,FRANCISCO,2019,37,80.0,966.0,28.972972972972972,78.64189189189189,27.786486486486485,C1-2,25-35N,average
2019214N15134,LEKIMA,2019,56,135.0,904.0,23.214285714285715,149.70982142857142,23.68035714285714,C3-5,15-25N,large
2019216N16147,KROSA,2019,76,100.0,945.0,73.21052631578948,219.77302631578948,24.38157894736842,C3-5,15-25N,large
2019231N13135,BAILU,2019,27,60.0,979.0,39.7037037037037,150.1851851851852,20.09259259259259,TS,15-25N,large
2019236N08143,PODUL,2019,14,40.0,993.0,88.28571428571429,118.30357142857143,17.257142857142856,TS,15-25N,large
2019242N14180,FAXAI,2019,48,115.0,940.0,19.8125,64.66145833333333,23.022916666666664,C3-5,15-25N,compact
2019242N18126,KAJIKI,2019,3,35.0,993.0,62.666666666666664,25.0,16.966666666666665,TS,15-25N,compact
2019243N06136,LINGLING,2019,38,120.0,928.0,19.842105263157894,124.17763157894737,24.068421052631578,C3-5,15-25N,large
2019255N09162,PEIPAH,2019,1,35.0,999.0,50.0,50.0,17.7,TS,15-25N,compact
2019260N20129,TAPAH,2019,27,65.0,967.0,69.81481481481481,272.037037037037,27.0,C1-2,25-35N,large
2019268N10155,MITAG,2019,42,90.0,961.0,37.0,135.74404761904762,23.495238095238093,C1-2,15-25N,large
2019278N16165,HAGIBIS,2019,56,160.0,890.0,13.785714285714286,228.97321428571428,21.344642857142855,C3-5,15-25N,large
2019288N16136,NEOGURI,2019,39,95.0,964.0,22.076923076923077,63.42948717948718,24.005128205128205,C1-2,15-25N,compact
2019290N08169,BUALOI,2019,51,140.0,922.0,13.92156862745098,97.62254901960785,19.772549019607844,C3-5,15-25N,average
2019302N11118,BULBUL:MATMO,2019,54,105.0,955.0,26.666666666666668,70.0925925925926,16.562962962962963,C3-5,15-25N,compact
2019306N10162,HALONG,2019,55,165.0,888.0,17.8,82.38636363636364,21.44,C3-5,15-25N,average
2019308N13114,NAKRI,2019,38,65.0,982.0,36.13157894736842,121.21710526315789,12.86578947368421,C1-2,00-15N,large
2019314N12172,FENGSHEN,2019,42,115.0,946.0,13.80952380952381,67.88690476190476,20.771428571428572,C3-5,15-25N,compact
2019314N14136,KALMAEGI,2019,29,90.0,963.0,22.0,112.28448275862068,17.813793103448276,C1-2,15-25N,large
2019322N11144,FUNG-WONG,2019,18,65.0,988.0,28.38888888888889,80.55555555555556,20.938888888888886,C1-2,15-25N,average
2019329N09160,KAMMURI,2019,69,120.0,938.0,23.89855072463768,172.66304347826087,13.102898550724637,C3-5,00-15N,large
2019354N05151,PHANFONE,2019,47,105.0,958.0,18.4468085106383,69.8936170212766,12.040425531914893,C3-5,00-15N,compact
2020129N07134,VONGFONG,2020,27,100.0,961.0,9.666666666666666,44.94444444444444,12.714814814814815,C3-5,00-15N,compact
2020211N14124,SINLAKU,2020,7,45.0,989.0,47.142857142857146,92.14285714285714,18.985714285714288,TS,15-25N,average
2020213N15131,HAGUPIT,2020,16,75.0,971.0,22.4375,74.1875,25.8375,C1-2,25-35N,average
2020220N14128,JANGMI,2020,3,40.0,991.0,72.66666666666667,80.75,30.900000000000002,TS,25-35N,average
2020222N15117,MEKKHALA,2020,9,70.0,980.0,20.555555555555557,51.97222222222222,24.311111111111114,C1-2,15-25N,compact
2020222N26149,UNNAMED,2020,3,40.0,1003.0,25.0,19.5,26.133333333333336,TS,25-35N,compact
2020229N18123,HIGOS,2020,19,60.0,988.0,22.157894736842106,35.4078947368421,21.38421052631579,TS,15-25N,compact
2020234N19123,BAVI,2020,35,100.0,942.0,26.65714285714286,97.56428571428572,28.65142857142857,C3-5,25-35N,average
2020239N13134,MAYSAK,2020,40,120.0,930.0,17.0,130.4,23.4625,C3-5,15-25N,large
2020244N25146,HAISHEN,2020,46,135.0,913.0,23.152173913043477,167.6358695652174,23.36521739130435,C3-5,15-25N,large
2020258N11127,NOUL,2020,23,50.0,990.0,49.26086956521739,53.16304347826087,14.552173913043477,TS,00-15N,compact
2020263N21136,DOLPHIN,2020,29,55.0,983.0,34.06896551724138,89.4396551724138,29.04137931034483,TS,25-35N,average
2020270N17159,KUJIRA,2020,15,65.0,974.0,37.733333333333334,95.25,28.633333333333333,C1-2,25-35N,average
2020277N21141,CHAN-HOM,2020,43,80.0,963.0,36.53488372093023,150.98837209302326,29.14883720930233,C1-2,25-35N,large
2020281N14126,LINFA,2020,5,40.0,999.0,26.6,30.75,14.819999999999999,TS,00-15N,compact
2020285N17120,NANGKA,2020,17,50.0,989.0,24.41176470588235,82.76470588235294,18.841176470588238,TS,15-25N,average
2020291N06141,SAUDEL,2020,43,75.0,975.0,27.186046511627907,94.87209302325581,16.97906976744186,C1-2,15-25N,average
2020296N09137,MOLAVE,2020,32,105.0,952.0,16.78125,100.0546875,13.775,C3-5,00-15N,average
2020299N11144,GONI,2020,41,170.0,884.0,13.634146341463415,54.34756097560975,15.25609756097561,C3-5,15-25N,compact
2020303N05149,ATSANI,2020,38,50.0,993.0,27.894736842105264,70.96052631578948,20.576315789473682,TS,15-25N,compact
2020312N10131,ETAU,2020,10,45.0,995.0,34.5,59.825,12.510000000000002,TS,00-15N,compact
2020313N08135,VAMCO,2020,46,115.0,945.0,20.26086956521739,115.04347826086956,15.517391304347825,C3-5,15-25N,large
2021046N06142,DUJUAN,2021,14,45.0,991.0,30.0,112.83928571428571,6.957142857142857,TS,00-15N,large
2021102N06144,SURIGAE,2021,89,170.0,882.0,28.730337078651687,138.37921348314606,15.35056179775281,C3-5,00-15N,large
2021148N05142,CHOI-WAN,2021,7,45.0,996.0,32.142857142857146,54.32142857142857,13.114285714285714,TS,00-15N,compact
2021161N18115,KOGUMA,2021,1,35.0,996.0,20.0,20.0,19.7,TS,15-25N,compact
2021171N09152,CHAMPI,2021,34,65.0,987.0,22.352941176470587,53.60294117647059,22.53235294117647,C1-2,15-25N,compact
2021197N17135,IN-FA,2021,61,95.0,951.0,26.40983606557377,146.0983606557377,25.496721311475408,C1-2,15-25N,large
2021198N19117,CEMPAKA,2021,13,80.0,965.0,16.23076923076923,35.73076923076923,21.22307692307692,C1-2,15-25N,compact
2021204N21146,NEPARTAK,2021,5,40.0,982.0,90.6,80.75,34.62,TS,25-35N,average
2021214N21110,LUPIT,2021,14,40.0,985.0,34.714285714285715,97.89285714285714,29.107142857142858,TS,25-35N,average
2021215N24124,MIRINAE,2021,20,53.0,979.0,48.7,119.125,29.9,TS,25-35N,large
2021219N08193,OMAIS,2021,3,45.0,999.0,30.0,38.916666666666664,24.7,TS,15-25N,compact
2021248N11131,CONSON,2021,44,65.0,980.0,18.227272727272727,38.0625,14.109090909090908,C1-2,15-25N,compact
2021248N12141,CHANTHU,2021,89,155.0,902.0,17.134831460674157,87.75561797752809,23.869662921348315,C3-5,15-25N,average
2021264N13119,DIANMU,2021,1,35.0,1001.0,30.0,32.5,15.3,TS,15-25N,compact
2021265N11150,MINDULLE,2021,58,140.0,916.0,20.0,175.73706896551724,22.26206896551724,C3-5,15-25N,large
2021276N07131,LIONROCK,2021,8,35.0,993.0,63.125,35.6875,20.025,TS,15-25N,compact
2021280N14137,KOMPASU,2021,31,60.0,979.0,52.67741935483871,134.69354838709677,18.73548387096774,TS,15-25N,large
2021282N16165,NAMTHEUN,2021,21,55.0,988.0,32.523809523809526,58.94047619047619,27.76666666666667,TS,25-35N,compact
2021295N09145,MALOU,2021,30,85.0,968.0,19.0,144.74166666666667,24.57,C1-2,15-25N,large
2021333N11146,NYATOH,2021,27,130.0,928.0,27.62962962962963,131.34259259259258,18.918518518518518,C3-5,15-25N,large
2021346N05145,RAI,2021,59,150.0,908.0,21.661016949152543,105.02966101694915,11.332203389830509,C3-5,00-15N,average
2022096N03150,MALAKAS,2022,50,105.0,949.0,25.04,139.115,15.412,C3-5,15-25N,large
2022099N11128,MEGI,2022,5,40.0,996.0,39.0,49.25,10.8,TS,00-15N,compact
2022180N15117,CHABA,2022,21,75.0,967.0,36.857142857142854,135.66666666666666,20.15714285714286,C1-2,15-25N,large
2022180N15130,AERE,2022,8,45.0,994.0,45.0,64.46875,26.1625,TS,25-35N,compact
2022232N18131,MA-ON,2022,25,65.0,984.0,25.24,76.08,18.712,C1-2,15-25N,average
2022233N22151,TOKAGE,2022,14,95.0,956.0,15.142857142857142,73.98214285714286,30.485714285714288,C1-2,25-35N,average
2022239N22150,HINNAMNOR,2022,71,145.0,911.0,11.211267605633802,114.34507042253522,25.72112676056338,C3-5,25-35N,large
2022247N26147,MUIFA,2022,68,110.0,946.0,23.38235294117647,74.13235294117646,23.102941176470587,C3-5,15-25N,average
2022254N21158,MERBOK,2022,20,70.0,972.0,30.1,120.2875,27.464999999999996,C1-2,25-35N,large
2022254N24143,NANMADOL,2022,40,135.0,916.0,18.475,173.225,27.127499999999998,C3-5,25-35N,large
2022264N17132,NORU,2022,51,145.0,914.0,12.823529411764707,54.85294117647059,16.172549019607843,C3-5,15-25N,compact
2022268N20147,KULAP,2022,20,65.0,973.0,30.8,101.6875,29.175,C1-2,25-35N,average
2022270N14136,ROKE,2022,23,90.0,965.0,16.17391304347826,48.29347826086956,27.91304347826087,C1-2,25-35N,compact
2022285N17140,NESAT,2022,32,90.0,961.0,21.59375,110.5078125,18.678125,C1-2,15-25N,large
2022299N11134,NALGAE,2022,46,75.0,972.0,31.97826086956522,152.54891304347825,16.75,C1-2,15-25N,large
2022301N07140,BANYAN,2022,4,40.0,1001.0,30.0,30.625,7.4,TS,00-15N,compact
2022342N06133,PAKHAR,2022,5,50.0,993.0,20.0,91.95,19.82,TS,15-25N,average
2023108N03160,SANVU,2023,12,45.0,999.0,19.0,35.166666666666664,9.866666666666667,TS,00-15N,compact
2023138N05151,MAWAR,2023,105,165.0,891.0,22.552380952380954,143.4309523809524,17.03904761904762,C3-5,15-25N,large
2023156N12135,GUCHOL,2023,45,95.0,958.0,29.31111111111111,122.27777777777777,21.79111111111111,C1-2,15-25N,large
2023194N16123,TALIM,2023,37,80.0,964.0,33.567567567567565,101.75675675675676,20.08108108108108,C1-2,15-25N,average
2023201N13134,DOKSURI,2023,49,130.0,928.0,20.775510204081634,132.87755102040816,19.244897959183675,C3-5,15-25N,large
2023207N09141,KHANUN,2023,97,125.0,924.0,48.22680412371134,155.24484536082474,26.05360824742268,C3-5,25-35N,large
2023213N14257,DORA,2023,104,130.0,939.0,9.865384615384615,49.47836538461539,14.245192307692308,C3-5,00-15N,compact
2023218N25145,LAN,2023,58,120.0,932.0,27.20689655172414,90.25431034482759,28.393103448275863,C3-5,25-35N,average
2023234N18128,SAOLA,2023,99,140.0,917.0,14.787878787878787,64.18686868686869,20.06969696969697,C3-5,15-25N,compact
2023234N19154,DAMREY,2023,8,55.0,985.0,27.0,94.71875,31.1875,TS,25-35N,average
2023239N18144,HAIKUI,2023,55,105.0,945.0,18.30909090909091,70.5409090909091,21.596363636363634,C3-5,15-25N,compact
2023241N10158,KIROGI,2023,17,70.0,981.0,24.352941176470587,86.73529411764706,19.21764705882353,C1-2,15-25N,average
2023271N14144,KOINU,2023,90,120.0,936.0,13.566666666666666,84.19722222222222,20.830000000000002,C3-5,15-25N,average
2023279N08157,BOLAVEN,2023,44,165.0,897.0,14.75,130.5909090909091,19.106818181818184,C3-5,15-25N,large
2023289N15111,SANBA,2023,10,45.0,999.0,27.9,27.0,20.68,TS,15-25N,compact
2024141N03142,EWINIAR,2024,44,90.0,961.0,18.295454545454547,48.5,20.365909090909092,C1-2,15-25N,compact
2024198N08130,PRAPIROON,2024,16,60.0,981.0,10.1875,42.03125,19.6375,TS,15-25N,compact
2024201N12133,GAEMI,2024,43,125.0,919.0,17.186046511627907,116.24418604651163,21.111627906976743,C3-5,15-25N,large
2024218N23143,MARIA,2024,20,70.0,973.0,19.35,77.9375,30.160000000000004,C1-2,25-35N,average
2024224N27154,SON-TINH,2024,10,40.0,987.0,32.5,69.425,32.510000000000005,TS,25-35N,compact
2024225N22135,AMPIL,2024,25,110.0,939.0,18.64,113.19,29.7,C3-5,25-35N,large
2024233N15148,SHANSHAN,2024,60,115.0,935.0,19.3,90.53333333333333,27.041666666666668,C3-5,25-35N,average
2024244N09137,YAGI,2024,48,145.0,907.0,19.083333333333332,101.84895833333333,18.741666666666667,C3-5,15-25N,average
2024253N11148,BEBINCA,2024,29,80.0,959.0,21.103448275862068,64.71551724137932,28.67241379310345,C1-2,25-35N,compact
2024269N14150,JEBI,2024,5,65.0,977.0,16.6,60.75,32.72,C1-2,25-35N,compact
2024270N24128,KRATHON,2024,45,135.0,922.0,20.77777777777778,96.27777777777777,20.57777777777778,C3-5,15-25N,average
2024278N11150,BARIJAT,2024,3,40.0,990.0,60.0,70.08333333333333,33.666666666666664,TS,25-35N,compact
2024293N13141,TRAMI,2024,43,65.0,984.0,44.02325581395349,124.43023255813954,16.539534883720933,C1-2,15-25N,large
2024298N13150,KONG-REY,2024,49,140.0,915.0,41.183673469387756,146.9030612244898,20.461224489795917,C3-5,15-25N,large
2024307N06143,YINXING,2024,65,130.0,931.0,18.923076923076923,81.5,17.303076923076922,C3-5,15-25N,average
2024312N14145,TORAJI,2024,36,80.0,976.0,26.63888888888889,49.94444444444444,18.13888888888889,C1-2,15-25N,compact
2024313N10169,MAN-YI,2024,65,140.0,924.0,21.923076923076923,74.53461538461538,14.501538461538463,C3-5,00-15N,average
2024314N07151,USAGI,2024,35,130.0,934.0,17.428571428571427,55.49285714285714,16.85142857142857,C3-5,15-25N,compact
